<?xml version="1.0" encoding="UTF-8"?>
<project-private xmlns="http://www.netbeans.org/ns/project-private/1">
    <editor-bookmarks xmlns="http://www.netbeans.org/ns/editor-bookmarks/2" lastBookmarkId="0"/>
    <open-files xmlns="http://www.netbeans.org/ns/projectui-open-files/2">
        <group>
            <file>file:/E:/Downloads/Projekpbo%20copy/src/projekpbo/FormMahasiswa.java</file>
            <file>file:/E:/Downloads/Projekpbo%20copy/src/projekpbo/FormMatkul.java</file>
            <file>file:/E:/Downloads/Projekpbo%20copy/src/projekpbo/FormDosen.java</file>
            <file>file:/E:/Downloads/Projekpbo%20copy/src/projekpbo/Login.java</file>
            <file>file:/E:/Downloads/Projekpbo%20copy/src/projekpbo/FormPerkuliahan.java</file>
        </group>
    </open-files>
</project-private>
